177400353,[<ReferencedTweet id=1518024966570229760 type=retweeted]
177400353,[<ReferencedTweet id=1520199474563338240 type=retweeted]
177400353,[<ReferencedTweet id=1519849364579307521 type=retweeted]
177400353,[<ReferencedTweet id=1519892481059745794 type=retweeted]
177400353,[<ReferencedTweet id=1520135905561878528 type=retweeted]
177400353,[<ReferencedTweet id=1520199388240375808 type=retweeted]
177400353,[<ReferencedTweet id=1520199431328387072 type=retweeted]
177400353,[<ReferencedTweet id=1520270049696972800 type=retweeted]
177400353,[<ReferencedTweet id=1520199256321052672 type=retweeted]
177400353,[<ReferencedTweet id=1520415156446003200 type=retweeted]
177400353,[<ReferencedTweet id=1520423815037259777 type=retweeted]
177400353,[<ReferencedTweet id=1520329306622160896 type=retweeted]
177400353,[<ReferencedTweet id=1520407107937443843 type=retweeted]
177400353,[<ReferencedTweet id=1520419436855181312 type=retweeted]
177400353,[<ReferencedTweet id=1520244773197471744 type=retweeted]
177400353,[<ReferencedTweet id=1520317332639285249 type=retweeted]
177400353,[<ReferencedTweet id=1520282993868537856 type=retweeted]
177400353,[<ReferencedTweet id=1520267051637817350 type=retweeted]
177400353,[<ReferencedTweet id=1460213427016638464 type=retweeted]
177400353,[<ReferencedTweet id=1512764942218252292 type=retweeted]
177400353,[<ReferencedTweet id=1485209643366612994 type=retweeted]
177400353,[<ReferencedTweet id=1476961670492667904 type=retweeted]
177400353,[<ReferencedTweet id=1520248190481895425 type=retweeted]
177400353,[<ReferencedTweet id=1520200911502843905 type=retweeted]
177400353,[<ReferencedTweet id=1520215180168544258 type=retweeted]
177400353,[<ReferencedTweet id=1520238011807858689 type=retweeted]
177400353,[<ReferencedTweet id=1520205637405515776 type=retweeted]
177400353,[<ReferencedTweet id=1520219072843350016 type=retweeted]
177400353,[<ReferencedTweet id=1520206082119024641 type=retweeted]
177400353,[<ReferencedTweet id=1520238290166632448 type=retweeted]
177400353,[<ReferencedTweet id=1520212827604242432 type=retweeted]
177400353,[<ReferencedTweet id=1519851976468664323 type=retweeted]
177400353,[<ReferencedTweet id=1519937457009344512 type=retweeted]
177400353,[<ReferencedTweet id=1520185973790810114 type=retweeted]
177400353,[<ReferencedTweet id=1520022134764064770 type=retweeted]
177400353,[<ReferencedTweet id=1519984196760051712 type=retweeted]
177400353,[<ReferencedTweet id=1519952742072352769 type=retweeted]
177400353,[<ReferencedTweet id=1519967440972697600 type=retweeted]
177400353,[<ReferencedTweet id=1520038768715378688 type=retweeted]
177400353,[<ReferencedTweet id=1520034245858979840 type=retweeted]
177400353,[<ReferencedTweet id=1520227796726870018 type=retweeted]
177400353,[<ReferencedTweet id=1520213065819639808 type=retweeted]
177400353,[<ReferencedTweet id=1520212440424017920 type=retweeted]
177400353,[<ReferencedTweet id=1520231313781182464 type=retweeted]
177400353,[<ReferencedTweet id=1519998392902258689 type=retweeted]
177400353,[<ReferencedTweet id=1519701443921723392 type=retweeted]
177400353,[<ReferencedTweet id=1518871830899142656 type=retweeted]
177400353,[<ReferencedTweet id=1518864816349327362 type=retweeted]
177400353,[<ReferencedTweet id=1519824882246119424 type=retweeted]
177400353,[<ReferencedTweet id=1519647319578189824 type=retweeted]
177400353,[<ReferencedTweet id=1519698887384367104 type=retweeted]
177400353,[<ReferencedTweet id=1519616171137724417 type=retweeted]
177400353,[<ReferencedTweet id=1519592374682402819 type=retweeted]
177400353,[<ReferencedTweet id=1519715310198210562 type=retweeted]
177400353,[<ReferencedTweet id=1519603263984660480 type=retweeted]
177400353,[<ReferencedTweet id=1519659069790904320 type=retweeted]
177400353,[<ReferencedTweet id=1519556031604355072 type=retweeted]
177400353,[<ReferencedTweet id=1519486058097876992 type=retweeted]
177400353,[<ReferencedTweet id=1519594873581875201 type=retweeted]
177400353,[<ReferencedTweet id=1519589779247087618 type=retweeted]
177400353,[<ReferencedTweet id=1519583926854897664 type=retweeted]
177400353,[<ReferencedTweet id=1519551622082609153 type=retweeted]
177400353,[<ReferencedTweet id=1519552457566679042 type=retweeted]
177400353,[<ReferencedTweet id=1519550806797668353 type=retweeted]
177400353,[<ReferencedTweet id=1519550837382852609 type=retweeted]
177400353,[<ReferencedTweet id=1519548050402066432 type=retweeted]
177400353,[<ReferencedTweet id=1519551206661754891 type=retweeted]
177400353,[<ReferencedTweet id=1519545873105301505 type=retweeted]
177400353,[<ReferencedTweet id=1519551211128881152 type=retweeted]
177400353,[<ReferencedTweet id=1519545518736953344 type=retweeted]
177400353,[<ReferencedTweet id=1519491073067786240 type=retweeted]
177400353,[<ReferencedTweet id=1519491470494863360 type=retweeted]
177400353,[<ReferencedTweet id=1519487471272169472 type=retweeted]
177400353,[<ReferencedTweet id=1519135354565296128 type=retweeted]
177400353,[<ReferencedTweet id=1519120676137074688 type=retweeted]
177400353,[<ReferencedTweet id=1518943348014256128 type=retweeted]
177400353,[<ReferencedTweet id=1518877925193441280 type=retweeted]
177400353,[<ReferencedTweet id=1518661889340973058 type=retweeted]
177400353,[<ReferencedTweet id=1518488218022424577 type=retweeted]
177400353,[<ReferencedTweet id=1518175468960337920 type=retweeted]
177400353,[<ReferencedTweet id=1518381226477850624 type=retweeted]
177400353,[<ReferencedTweet id=1518082628649250816 type=retweeted]
177400353,[<ReferencedTweet id=1518137224130404353 type=retweeted]
177400353,[<ReferencedTweet id=1518149059214725120 type=retweeted]
177400353,[<ReferencedTweet id=1518101032009486336 type=retweeted]
177400353,[<ReferencedTweet id=1518100833455714305 type=retweeted]
177400353,[<ReferencedTweet id=1518040816593211392 type=retweeted]
177400353,[<ReferencedTweet id=1518035101925347328 type=retweeted]
177400353,[<ReferencedTweet id=1517833809588363266 type=retweeted]
177400353,[<ReferencedTweet id=1517819993387376640 type=retweeted]
177400353,[<ReferencedTweet id=1517814157760163840 type=retweeted]
177400353,[<ReferencedTweet id=1517688535104442369 type=retweeted]
177400353,[<ReferencedTweet id=1517351167159721984 type=retweeted]
177400353,[<ReferencedTweet id=1517390897851342848 type=retweeted]
177400353,[<ReferencedTweet id=1517670871812378625 type=retweeted]
177400353,[<ReferencedTweet id=1517670902057512960 type=retweeted]
177400353,[<ReferencedTweet id=1517670924358619137 type=retweeted]
177400353,[<ReferencedTweet id=1517670984429449217 type=retweeted]
177400353,[<ReferencedTweet id=1517430551216812033 type=retweeted]
177400353,[<ReferencedTweet id=1517176807425982466 type=retweeted]
177400353,[<ReferencedTweet id=1517014412833730561 type=retweeted]
177400353,[<ReferencedTweet id=1517124743534907392 type=retweeted]
177400353,[<ReferencedTweet id=1517072488186155008 type=retweeted]
177400353,[<ReferencedTweet id=1517298684148387841 type=retweeted]
177400353,[<ReferencedTweet id=1517299273926266880 type=retweeted]
177400353,[<ReferencedTweet id=1517299550071177216 type=retweeted]
177400353,[<ReferencedTweet id=1517298248943570944 type=retweeted]
177400353,[<ReferencedTweet id=1517292379052867584 type=retweeted]
177400353,[<ReferencedTweet id=1517161441098604544 type=retweeted]
177400353,[<ReferencedTweet id=1517287678747693056 type=retweeted]
177400353,[<ReferencedTweet id=1517042518805778433 type=retweeted]
177400353,[<ReferencedTweet id=1517289133822996481 type=retweeted]
177400353,[<ReferencedTweet id=1517001426333048832 type=retweeted]
177400353,[<ReferencedTweet id=1517050721358602240 type=retweeted]
177400353,[<ReferencedTweet id=1517004158410182661 type=retweeted]
177400353,[<ReferencedTweet id=1517000964724563970 type=retweeted]
177400353,[<ReferencedTweet id=1511568069520683008 type=retweeted]
177400353,[<ReferencedTweet id=1516428466958516225 type=retweeted]
177400353,[<ReferencedTweet id=1516404555864440835 type=retweeted]
177400353,[<ReferencedTweet id=1516319078264315904 type=retweeted]
177400353,[<ReferencedTweet id=1516356288858537987 type=retweeted]
177400353,[<ReferencedTweet id=1515895849141751809 type=retweeted]
177400353,[<ReferencedTweet id=1516065282309038082 type=retweeted]
177400353,[<ReferencedTweet id=1516000232613556226 type=retweeted]
177400353,[<ReferencedTweet id=1516003823348817920 type=retweeted]
177400353,[<ReferencedTweet id=1515978850844516355 type=retweeted]
177400353,[<ReferencedTweet id=1515729849889214464 type=retweeted]
177400353,[<ReferencedTweet id=1515833914962558980 type=retweeted]
177400353,[<ReferencedTweet id=1515517266841915393 type=retweeted]
177400353,[<ReferencedTweet id=1515633328967364608 type=retweeted]
177400353,[<ReferencedTweet id=1515309111084257288 type=retweeted]
177400353,[<ReferencedTweet id=1515281832996384771 type=retweeted]
177400353,[<ReferencedTweet id=1515265452683186179 type=retweeted]
177400353,[<ReferencedTweet id=1514981856915357697 type=retweeted]
177400353,[<ReferencedTweet id=1515235295008022532 type=retweeted]
177400353,[<ReferencedTweet id=1515237792796000261 type=retweeted]
177400353,[<ReferencedTweet id=1514810058592292871 type=retweeted]
177400353,[<ReferencedTweet id=1514960389985157124 type=retweeted]
177400353,[<ReferencedTweet id=1514948824095424512 type=retweeted]
177400353,[<ReferencedTweet id=1514556784765456387 type=retweeted]
177400353,[<ReferencedTweet id=1514798970752540675 type=retweeted]
177400353,[<ReferencedTweet id=1514788504970358784 type=retweeted]
177400353,[<ReferencedTweet id=1514549318732386304 type=retweeted]
177400353,[<ReferencedTweet id=1514788532598210562 type=retweeted]
177400353,[<ReferencedTweet id=1514124531283075076 type=retweeted]
177400353,[<ReferencedTweet id=1513574340633272322 type=retweeted]
177400353,[<ReferencedTweet id=1514528257932238853 type=retweeted]
177400353,[<ReferencedTweet id=1514116456568573953 type=retweeted]
177400353,[<ReferencedTweet id=1514090573262909442 type=retweeted]
177400353,[<ReferencedTweet id=1514204735049510914 type=retweeted]
177400353,[<ReferencedTweet id=1514023572666085380 type=retweeted]
177400353,[<ReferencedTweet id=1512210314040778756 type=retweeted]
177400353,[<ReferencedTweet id=1514064842465837061 type=retweeted]
177400353,[<ReferencedTweet id=1514066259373031426 type=retweeted]
177400353,[<ReferencedTweet id=1514045884530855942 type=retweeted]
177400353,[<ReferencedTweet id=1513889289926582274 type=retweeted]
177400353,[<ReferencedTweet id=1513662785317601282 type=retweeted]
177400353,[<ReferencedTweet id=1513864210664820741 type=retweeted]
177400353,[<ReferencedTweet id=1513560002816000010 type=retweeted]
177400353,[<ReferencedTweet id=1513760824669573123 type=retweeted]
177400353,[<ReferencedTweet id=1513834182916464645 type=retweeted]
177400353,[<ReferencedTweet id=1513841892231897089 type=retweeted]
177400353,[<ReferencedTweet id=1513652070347608065 type=retweeted]
177400353,[<ReferencedTweet id=1513735939637448706 type=retweeted]
177400353,[<ReferencedTweet id=1513709288463556610 type=retweeted]
177400353,[<ReferencedTweet id=1513505038634987520 type=retweeted]
177400353,[<ReferencedTweet id=1513491274606731264 type=retweeted]
177400353,[<ReferencedTweet id=1513658672555376643 type=retweeted]
177400353,[<ReferencedTweet id=1513543468534190085 type=retweeted]
177400353,[<ReferencedTweet id=1513204314126184451 type=retweeted]
177400353,[<ReferencedTweet id=1513339652261892100 type=retweeted]
177400353,[<ReferencedTweet id=1513474282084524033 type=retweeted]
177400353,[<ReferencedTweet id=1513512969593708546 type=retweeted]
177400353,[<ReferencedTweet id=1513315519205543940 type=retweeted]
177400353,[<ReferencedTweet id=1513379884642406400 type=retweeted]
177400353,[<ReferencedTweet id=1513087415455748099 type=retweeted]
177400353,[<ReferencedTweet id=1513368435547279362 type=retweeted]
177400353,[<ReferencedTweet id=1513335208673636354 type=retweeted]
177400353,[<ReferencedTweet id=1513332247931219969 type=retweeted]
177400353,[<ReferencedTweet id=1513329669655101441 type=retweeted]
177400353,[<ReferencedTweet id=1513334053214523392 type=retweeted]
177400353,[<ReferencedTweet id=1513332956240105473 type=retweeted]
177400353,[<ReferencedTweet id=1513329245099298816 type=retweeted]
177400353,[<ReferencedTweet id=1513328523557376000 type=retweeted]
177400353,[<ReferencedTweet id=1513152462898987010 type=retweeted]
177400353,[<ReferencedTweet id=1513177634905067520 type=retweeted]
177400353,[<ReferencedTweet id=1513149402751254532 type=retweeted]
177400353,[<ReferencedTweet id=1513166960116531200 type=retweeted]
177400353,[<ReferencedTweet id=1513199345264656388 type=retweeted]
177400353,[<ReferencedTweet id=1513302192195010565 type=retweeted]
177400353,[<ReferencedTweet id=1513144221305225218 type=retweeted]
177400353,[<ReferencedTweet id=1513283548396015623 type=retweeted]
177400353,[<ReferencedTweet id=1513278254484017159 type=retweeted]
177400353,[<ReferencedTweet id=1513169949300305922 type=retweeted]
177400353,[<ReferencedTweet id=1513170161230319621 type=retweeted]
177400353,[<ReferencedTweet id=1513170281741033472 type=retweeted]
177400353,[<ReferencedTweet id=1513153879399034886 type=retweeted]
177400353,[<ReferencedTweet id=1513154456438812679 type=retweeted]
177400353,[<ReferencedTweet id=1513153488804491264 type=retweeted]
177400353,[<ReferencedTweet id=1513153469150273542 type=retweeted]
177400353,[<ReferencedTweet id=1513150588908814336 type=retweeted]
177400353,[<ReferencedTweet id=1513146720837947395 type=retweeted]
177400353,[<ReferencedTweet id=1513139263550148608 type=retweeted]
177400353,[<ReferencedTweet id=1513064679241043970 type=retweeted]
177400353,[<ReferencedTweet id=1512975843433193476 type=retweeted]
177400353,[<ReferencedTweet id=1512974338412089345 type=retweeted]
177400353,[<ReferencedTweet id=1512955120497033218 type=retweeted]
177400353,[<ReferencedTweet id=1512776046810128386 type=retweeted]
177400353,[<ReferencedTweet id=1512757952528191492 type=retweeted]
177400353,[<ReferencedTweet id=1512776633542971393 type=retweeted]
177400353,[<ReferencedTweet id=1512764679751229444 type=retweeted]
177400353,[<ReferencedTweet id=1512763513923506177 type=retweeted]
177400353,[<ReferencedTweet id=1512756554214576128 type=retweeted]
177400353,[<ReferencedTweet id=1512767176192659460 type=retweeted]
177400353,[<ReferencedTweet id=1512767666611945472 type=retweeted]
177400353,[<ReferencedTweet id=1512766724902633473 type=retweeted]
177400353,[<ReferencedTweet id=1512758420578865152 type=retweeted]
177400353,[<ReferencedTweet id=1512638382496968707 type=retweeted]
177400353,[<ReferencedTweet id=1512565703903420420 type=retweeted]
177400353,[<ReferencedTweet id=1512636289321156609 type=retweeted]
177400353,[<ReferencedTweet id=1512309981088870404 type=retweeted]
177400353,[<ReferencedTweet id=1512247126423531520 type=retweeted]
177400353,[<ReferencedTweet id=1512258223012724736 type=retweeted]
177400353,[<ReferencedTweet id=1512241614563201026 type=retweeted]
177400353,[<ReferencedTweet id=1512229510875258881 type=retweeted]
177400353,[<ReferencedTweet id=1511969439457366016 type=retweeted]
177400353,[<ReferencedTweet id=1511689058036056071 type=retweeted]
177400353,[<ReferencedTweet id=1511628933573185537 type=retweeted]
177400353,[<ReferencedTweet id=1511717543333199872 type=retweeted]
177400353,[<ReferencedTweet id=1511744352477147137 type=retweeted]
177400353,[<ReferencedTweet id=1511668481653059589 type=retweeted]
177400353,[<ReferencedTweet id=1511673251625275397 type=retweeted]
177400353,[<ReferencedTweet id=1511633110919974913 type=retweeted]
177400353,[<ReferencedTweet id=1511603862146207754 type=retweeted]
177400353,[<ReferencedTweet id=1511611614818353154 type=retweeted]
177400353,[<ReferencedTweet id=1511563610610298882 type=retweeted]
177400353,[<ReferencedTweet id=1511592172260569092 type=retweeted]
177400353,[<ReferencedTweet id=1511522194962382851 type=retweeted]
177400353,[<ReferencedTweet id=1511560772518055938 type=retweeted]
177400353,[<ReferencedTweet id=1511581313547051012 type=retweeted]
177400353,[<ReferencedTweet id=1511556107852042244 type=retweeted]
177400353,[<ReferencedTweet id=1511592628500025344 type=retweeted]
177400353,[<ReferencedTweet id=1511527083507343360 type=retweeted]
177400353,[<ReferencedTweet id=1511569147477762054 type=retweeted]
177400353,[<ReferencedTweet id=1511568069520683008 type=retweeted]
177400353,[<ReferencedTweet id=1511571161016303620 type=retweeted]
177400353,[<ReferencedTweet id=1511558024837574659 type=retweeted]
177400353,[<ReferencedTweet id=1511525993604821000 type=retweeted]
177400353,[<ReferencedTweet id=1511535021483462656 type=retweeted]
177400353,[<ReferencedTweet id=1511524756239142915 type=retweeted]
177400353,[<ReferencedTweet id=1511519653264199680 type=retweeted]
177400353,[<ReferencedTweet id=1511521409687646208 type=retweeted]
177400353,[<ReferencedTweet id=1511521413676470277 type=retweeted]
177400353,[<ReferencedTweet id=1511517458192023553 type=retweeted]
177400353,[<ReferencedTweet id=1511516539333144578 type=retweeted]
177400353,[<ReferencedTweet id=1511519619114278915 type=retweeted]
177400353,[<ReferencedTweet id=1511518355819225099 type=retweeted]
177400353,[<ReferencedTweet id=1511517218068373505 type=retweeted]
177400353,[<ReferencedTweet id=1511345166430445578 type=retweeted]
177400353,[<ReferencedTweet id=1510935216369684483 type=retweeted]
177400353,[<ReferencedTweet id=1510636299547742216 type=retweeted]
177400353,[<ReferencedTweet id=1510585805907050500 type=retweeted]
177400353,[<ReferencedTweet id=1510577074930659328 type=retweeted]
177400353,[<ReferencedTweet id=1510574805611061250 type=retweeted]
177400353,[<ReferencedTweet id=1510574191141343232 type=retweeted]
177400353,[<ReferencedTweet id=1510571584024588297 type=retweeted]
177400353,[<ReferencedTweet id=1510293136031031300 type=retweeted]
177400353,[<ReferencedTweet id=1510238900966477829 type=retweeted]
177400353,[<ReferencedTweet id=1510046324779286529 type=retweeted]
177400353,[<ReferencedTweet id=1510125220765454337 type=retweeted]
177400353,[<ReferencedTweet id=1510117252372205574 type=retweeted]
177400353,[<ReferencedTweet id=1510034730963849217 type=retweeted]
177400353,[<ReferencedTweet id=1510037345197649923 type=retweeted]
177400353,[<ReferencedTweet id=1509952021570355201 type=retweeted]
177400353,[<ReferencedTweet id=1509770802668847107 type=retweeted]
177400353,[<ReferencedTweet id=1509824100809818125 type=retweeted]
177400353,[<ReferencedTweet id=1509930540417359910 type=retweeted]
177400353,[<ReferencedTweet id=1509856142805008387 type=retweeted]
177400353,[<ReferencedTweet id=1509860414502354944 type=retweeted]
177400353,[<ReferencedTweet id=1509699588558495750 type=retweeted]
177400353,[<ReferencedTweet id=1509730955350577152 type=retweeted]
177400353,[<ReferencedTweet id=1509387689405034496 type=retweeted]
177400353,[<ReferencedTweet id=1509551305391542283 type=retweeted]
177400353,[<ReferencedTweet id=1509435083165507584 type=retweeted]
177400353,[<ReferencedTweet id=1509432143419785216 type=retweeted]
177400353,[<ReferencedTweet id=1509395005399613444 type=retweeted]
177400353,[<ReferencedTweet id=1509409860764704768 type=retweeted]
177400353,[<ReferencedTweet id=1509366081814949898 type=retweeted]
177400353,[<ReferencedTweet id=1509405055279300608 type=retweeted]
177400353,[<ReferencedTweet id=1509381667248807936 type=retweeted]
177400353,[<ReferencedTweet id=1509343194445914114 type=retweeted]
177400353,[<ReferencedTweet id=1509162719240687618 type=retweeted]
177400353,[<ReferencedTweet id=1509161796694773762 type=retweeted]
177400353,[<ReferencedTweet id=1509161749194625025 type=retweeted]
177400353,[<ReferencedTweet id=1509164310408626177 type=retweeted]
177400353,[<ReferencedTweet id=1509114883362942977 type=retweeted]
177400353,[<ReferencedTweet id=1509013186489454593 type=retweeted]
177400353,[<ReferencedTweet id=1508685161873178624 type=retweeted]
177400353,[<ReferencedTweet id=1508494913108951049 type=retweeted]
177400353,[<ReferencedTweet id=1507962690379317248 type=retweeted]
177400353,[<ReferencedTweet id=1507858298711724042 type=retweeted]
177400353,[<ReferencedTweet id=1507257499891605506 type=retweeted]
177400353,[<ReferencedTweet id=1506925247718883329 type=retweeted]
177400353,[<ReferencedTweet id=1507141098304864260 type=retweeted]
177400353,[<ReferencedTweet id=1507146767967551501 type=retweeted]
177400353,[<ReferencedTweet id=1507149584878895110 type=retweeted]
177400353,[<ReferencedTweet id=1505747269232230403 type=retweeted]
177400353,[<ReferencedTweet id=1506913176109170690 type=retweeted]
177400353,[<ReferencedTweet id=1506871624699904002 type=retweeted]
177400353,[<ReferencedTweet id=1506874257342885889 type=retweeted]
177400353,[<ReferencedTweet id=1506872929002622979 type=retweeted]
177400353,[<ReferencedTweet id=1506869984001208322 type=retweeted]
177400353,[<ReferencedTweet id=1506860714052493314 type=retweeted]
177400353,[<ReferencedTweet id=1506865806621265922 type=retweeted]
177400353,[<ReferencedTweet id=1506864101364060160 type=retweeted]
177400353,[<ReferencedTweet id=1506858381776408582 type=retweeted]
177400353,[<ReferencedTweet id=1506860352570462213 type=retweeted]
177400353,[<ReferencedTweet id=1506861208758063105 type=retweeted]
177400353,[<ReferencedTweet id=1506861074359877633 type=retweeted]
177400353,[<ReferencedTweet id=1506859051736469506 type=retweeted]
177400353,[<ReferencedTweet id=1506860600953294849 type=retweeted]
177400353,[<ReferencedTweet id=1506861586434215939 type=retweeted]
177400353,[<ReferencedTweet id=1506859125900451843 type=retweeted]
177400353,[<ReferencedTweet id=1506859184331141123 type=retweeted]
177400353,[<ReferencedTweet id=1506859220914020352 type=retweeted]
177400353,[<ReferencedTweet id=1506859320138682369 type=retweeted]
177400353,[<ReferencedTweet id=1506652285048598530 type=retweeted]
177400353,[<ReferencedTweet id=1506249874991304704 type=retweeted]
177400353,[<ReferencedTweet id=1505906565052002306 type=retweeted]
177400353,[<ReferencedTweet id=1505795081990643715 type=retweeted]
177400353,[<ReferencedTweet id=1505741648135098371 type=retweeted]
177400353,[<ReferencedTweet id=1505452971412316162 type=retweeted]
177400353,[<ReferencedTweet id=1205905572274393088 type=retweeted]
177400353,[<ReferencedTweet id=1505547718198173696 type=retweeted]
177400353,[<ReferencedTweet id=1505552097139314688 type=retweeted]
177400353,[<ReferencedTweet id=1505425777336078336 type=retweeted]
177400353,[<ReferencedTweet id=1505398893114183685 type=retweeted]
177400353,[<ReferencedTweet id=1505518023347617792 type=retweeted]
177400353,[<ReferencedTweet id=1505405068387893248 type=retweeted]
177400353,[<ReferencedTweet id=1505536389894795264 type=retweeted]
177400353,[<ReferencedTweet id=1505416955091513344 type=retweeted]
177400353,[<ReferencedTweet id=1505489480714964994 type=retweeted]
177400353,[<ReferencedTweet id=1505319102260604929 type=retweeted]
177400353,[<ReferencedTweet id=1502964510688100354 type=retweeted]
177400353,[<ReferencedTweet id=1505413596880474115 type=retweeted]
177400353,[<ReferencedTweet id=1505180294210592770 type=retweeted]
177400353,[<ReferencedTweet id=1505374884851249152 type=retweeted]
177400353,[<ReferencedTweet id=1505343515269627907 type=retweeted]
177400353,[<ReferencedTweet id=1505141913422385153 type=retweeted]
177400353,[<ReferencedTweet id=1505035727704588293 type=retweeted]
177400353,[<ReferencedTweet id=1505018592911589376 type=retweeted]
177400353,[<ReferencedTweet id=1505021557613105155 type=retweeted]
177400353,[<ReferencedTweet id=1505021752572739584 type=retweeted]
177400353,[<ReferencedTweet id=1505017250067083267 type=retweeted]
177400353,[<ReferencedTweet id=1505016829689077766 type=retweeted]
177400353,[<ReferencedTweet id=1505016324472246273 type=retweeted]
177400353,[<ReferencedTweet id=1504968811220406272 type=retweeted]
177400353,[<ReferencedTweet id=1505028258706128897 type=retweeted]
177400353,[<ReferencedTweet id=1505028734801223682 type=retweeted]
177400353,[<ReferencedTweet id=1505008493123682304 type=retweeted]
177400353,[<ReferencedTweet id=1505008462656270340 type=retweeted]
177400353,[<ReferencedTweet id=1505008421816262659 type=retweeted]
177400353,[<ReferencedTweet id=1504784925106786307 type=retweeted]
177400353,[<ReferencedTweet id=1504783872675901443 type=retweeted]
177400353,[<ReferencedTweet id=1504996002079514624 type=retweeted]
177400353,[<ReferencedTweet id=1504975298433286145 type=retweeted]
177400353,[<ReferencedTweet id=1504769373034197005 type=retweeted]
177400353,[<ReferencedTweet id=1504745344663539712 type=retweeted]
177400353,[<ReferencedTweet id=1504839004901896198 type=retweeted]
177400353,[<ReferencedTweet id=1504804329311535111 type=retweeted]
177400353,[<ReferencedTweet id=1504766246105059330 type=retweeted]
177400353,[<ReferencedTweet id=1504506420275793939 type=retweeted]
177400353,[<ReferencedTweet id=1504628149933723648 type=retweeted]
177400353,[<ReferencedTweet id=1504512496228761602 type=retweeted]
177400353,[<ReferencedTweet id=1504509976848773120 type=retweeted]
177400353,[<ReferencedTweet id=1504438419371438082 type=retweeted]
177400353,[<ReferencedTweet id=1504427296144322564 type=retweeted]
177400353,[<ReferencedTweet id=1504414925799792646 type=retweeted]
177400353,[<ReferencedTweet id=1504395649365721094 type=retweeted]
177400353,[<ReferencedTweet id=1504382657777614854 type=retweeted]
177400353,[<ReferencedTweet id=1504383022329700357 type=retweeted]
177400353,[<ReferencedTweet id=1504385653970194433 type=retweeted]
177400353,[<ReferencedTweet id=1504384334735699968 type=retweeted]
177400353,[<ReferencedTweet id=1504345625491509250 type=retweeted]
177400353,[<ReferencedTweet id=1504336912760606722 type=retweeted]
177400353,[<ReferencedTweet id=1504307557179195392 type=retweeted]
177400353,[<ReferencedTweet id=1504300335124209667 type=retweeted]
177400353,[<ReferencedTweet id=1503893485715623936 type=retweeted]
177400353,[<ReferencedTweet id=1504010956707287043 type=retweeted]
177400353,[<ReferencedTweet id=1503899707235479554 type=retweeted]
177400353,[<ReferencedTweet id=1503537650740867074 type=retweeted]
177400353,[<ReferencedTweet id=1503721527065292802 type=retweeted]
177400353,[<ReferencedTweet id=1503745874022866957 type=retweeted]
177400353,[<ReferencedTweet id=1503688175029559300 type=retweeted]
177400353,[<ReferencedTweet id=1503706999296430081 type=retweeted]
177400353,[<ReferencedTweet id=1503355683420315652 type=retweeted]
177400353,[<ReferencedTweet id=1503532466472054786 type=retweeted]
177400353,[<ReferencedTweet id=1503393774965297160 type=retweeted]
177400353,[<ReferencedTweet id=1503397984410628098 type=retweeted]
177400353,[<ReferencedTweet id=1503385887505219585 type=retweeted]
177400353,[<ReferencedTweet id=1503370832990466048 type=retweeted]
177400353,[<ReferencedTweet id=1503356047892918272 type=retweeted]
177400353,[<ReferencedTweet id=1503356361907838977 type=retweeted]
177400353,[<ReferencedTweet id=1503357297648672782 type=retweeted]
177400353,[<ReferencedTweet id=1503357371522838532 type=retweeted]
177400353,[<ReferencedTweet id=1503357727409549312 type=retweeted]
177400353,[<ReferencedTweet id=1503358118738096133 type=retweeted]
177400353,[<ReferencedTweet id=1503358544644558856 type=retweeted]
177400353,[<ReferencedTweet id=1503359546391113728 type=retweeted]
177400353,[<ReferencedTweet id=1503360175498964994 type=retweeted]
177400353,[<ReferencedTweet id=1503361932786556928 type=retweeted]
177400353,[<ReferencedTweet id=1503362841348173828 type=retweeted]
177400353,[<ReferencedTweet id=1503342923554906112 type=retweeted]
177400353,[<ReferencedTweet id=1503265989576003594 type=retweeted]
177400353,[<ReferencedTweet id=1502994564709294080 type=retweeted]
177400353,[<ReferencedTweet id=1503051016714993672 type=retweeted]
177400353,[<ReferencedTweet id=1502964827605639169 type=retweeted]
177400353,[<ReferencedTweet id=1502993459392790539 type=retweeted]
177400353,[<ReferencedTweet id=1503012857432375303 type=retweeted]
177400353,[<ReferencedTweet id=1501294979729092608 type=retweeted]
177400353,[<ReferencedTweet id=1502957899991195648 type=retweeted]
177400353,[<ReferencedTweet id=1502941792144084994 type=retweeted]
177400353,[<ReferencedTweet id=1502889264321011712 type=retweeted]
177400353,[<ReferencedTweet id=1502936287505907712 type=retweeted]
177400353,[<ReferencedTweet id=1502937696943104004 type=retweeted]
177400353,[<ReferencedTweet id=1502909515653550085 type=retweeted]
177400353,[<ReferencedTweet id=1502934637311520771 type=retweeted]
177400353,[<ReferencedTweet id=1502928390617432067 type=retweeted]
177400353,[<ReferencedTweet id=1502924317587554306 type=retweeted]
177400353,[<ReferencedTweet id=1502907250821632003 type=retweeted]
177400353,[<ReferencedTweet id=1502907885504057345 type=retweeted]
177400353,[<ReferencedTweet id=1502908078026805250 type=retweeted]
177400353,[<ReferencedTweet id=1502908410677051399 type=retweeted]
177400353,[<ReferencedTweet id=1502904632913276931 type=retweeted]
177400353,[<ReferencedTweet id=1502902306949386241 type=retweeted]
177400353,[<ReferencedTweet id=1502901472568111105 type=retweeted]
177400353,[<ReferencedTweet id=1502896410089639936 type=retweeted]
177400353,[<ReferencedTweet id=1502901160251846666 type=retweeted]
177400353,[<ReferencedTweet id=1502887725740953602 type=retweeted]
177400353,[<ReferencedTweet id=1502889891478360065 type=retweeted]
177400353,[<ReferencedTweet id=1502821786332786690 type=retweeted]
177400353,[<ReferencedTweet id=1502803734279389185 type=retweeted]
177400353,[<ReferencedTweet id=1502803941998080000 type=retweeted]
177400353,[<ReferencedTweet id=1502616266871291906 type=retweeted]
177400353,[<ReferencedTweet id=1502559645495226368 type=retweeted]
177400353,[<ReferencedTweet id=1502540296311255046 type=retweeted]
177400353,[<ReferencedTweet id=1502443363999821828 type=retweeted]
177400353,[<ReferencedTweet id=1502476475605594116 type=retweeted]
177400353,[<ReferencedTweet id=1502449375095635971 type=retweeted]
177400353,[<ReferencedTweet id=1502185754868412419 type=retweeted]
177400353,[<ReferencedTweet id=1502174244343455751 type=retweeted]
177400353,[<ReferencedTweet id=1502171003140521992 type=retweeted]
177400353,[<ReferencedTweet id=1502171645842100229 type=retweeted]
177400353,[<ReferencedTweet id=1502148401269710850 type=retweeted]
177400353,[<ReferencedTweet id=1502137181569052672 type=retweeted]
177400353,[<ReferencedTweet id=1502103118443540484 type=retweeted]
177400353,[<ReferencedTweet id=1502068911923027973 type=retweeted]
177400353,[<ReferencedTweet id=1501931677756829696 type=retweeted]
177400353,[<ReferencedTweet id=1501559652319997954 type=retweeted]
177400353,[<ReferencedTweet id=1501837168129552392 type=retweeted]
177400353,[<ReferencedTweet id=1501579717908090888 type=retweeted]
177400353,[<ReferencedTweet id=1501736240973946881 type=retweeted]
177400353,[<ReferencedTweet id=1501767522051366912 type=retweeted]
177400353,[<ReferencedTweet id=1501747265819582475 type=retweeted]
177400353,[<ReferencedTweet id=1501746149333483520 type=retweeted]
177400353,[<ReferencedTweet id=1501737809123495936 type=retweeted]
177400353,[<ReferencedTweet id=1501738581517561856 type=retweeted]
177400353,[<ReferencedTweet id=1501734142462947330 type=retweeted]
177400353,[<ReferencedTweet id=1501733780259627008 type=retweeted]
177400353,[<ReferencedTweet id=1501604472597876739 type=retweeted]
177400353,[<ReferencedTweet id=1501498861327728642 type=retweeted]
177400353,[<ReferencedTweet id=1501389049382125569 type=retweeted]
177400353,[<ReferencedTweet id=1501075334971932672 type=retweeted]
177400353,[<ReferencedTweet id=1501217036625711106 type=retweeted]
177400353,[<ReferencedTweet id=1501072610003918853 type=retweeted]
177400353,[<ReferencedTweet id=1498727295766441985 type=retweeted]
177400353,[<ReferencedTweet id=1500432118622482432 type=retweeted]
177400353,[<ReferencedTweet id=1500496312499945475 type=retweeted]
177400353,[<ReferencedTweet id=1500446134291943428 type=retweeted]
177400353,[<ReferencedTweet id=1500380103603212289 type=retweeted]
177400353,[<ReferencedTweet id=1499459603242827780 type=retweeted]
177400353,[<ReferencedTweet id=1500303848899940354 type=retweeted]
177400353,[<ReferencedTweet id=1499756303534952449 type=retweeted]
177400353,[<ReferencedTweet id=1499587034360397834 type=retweeted]
177400353,[<ReferencedTweet id=1499531515667296257 type=retweeted]
177400353,[<ReferencedTweet id=1499531710136221697 type=retweeted]
177400353,[<ReferencedTweet id=1499396986008932352 type=retweeted]
177400353,[<ReferencedTweet id=1499394622552174592 type=retweeted]
177400353,[<ReferencedTweet id=1499285342721294336 type=retweeted]
177400353,[<ReferencedTweet id=1498539594085986304 type=retweeted]
177400353,[<ReferencedTweet id=1498444728991641600 type=retweeted]
177400353,[<ReferencedTweet id=1498492486808784900 type=retweeted]
177400353,[<ReferencedTweet id=1498294982197018629 type=retweeted]
177400353,[<ReferencedTweet id=1498143215903735808 type=retweeted]
177400353,[<ReferencedTweet id=1497921089426817026 type=retweeted]
177400353,[<ReferencedTweet id=1497937643212279809 type=retweeted]
177400353,[<ReferencedTweet id=1497805527262572546 type=retweeted]
177400353,[<ReferencedTweet id=1497849963711057920 type=retweeted]
177400353,[<ReferencedTweet id=1497877229413728260 type=retweeted]
177400353,[<ReferencedTweet id=1497874840639836160 type=retweeted]
177400353,[<ReferencedTweet id=1497781929201979393 type=retweeted]
177400353,[<ReferencedTweet id=1497810028417327105 type=retweeted]
177400353,[<ReferencedTweet id=1497828712200347652 type=retweeted]
177400353,[<ReferencedTweet id=1497724237599379456 type=retweeted]
177400353,[<ReferencedTweet id=1497748739166855169 type=retweeted]
177400353,[<ReferencedTweet id=1497518956919549953 type=retweeted]
177400353,[<ReferencedTweet id=1497417578049720323 type=retweeted]
177400353,[<ReferencedTweet id=1497164766414274562 type=retweeted]
177400353,[<ReferencedTweet id=1496995009081786368 type=retweeted]
177400353,[<ReferencedTweet id=1497147806385315842 type=retweeted]
177400353,[<ReferencedTweet id=1496883895228583939 type=retweeted]
177400353,[<ReferencedTweet id=1496795056023478272 type=retweeted]
177400353,[<ReferencedTweet id=1496993727499616257 type=retweeted]
177400353,[<ReferencedTweet id=1497026993384476676 type=retweeted]
177400353,[<ReferencedTweet id=1496806790780301316 type=retweeted]
177400353,[<ReferencedTweet id=1496756571904229379 type=retweeted]
177400353,[<ReferencedTweet id=1496756210187452418 type=retweeted]
177400353,[<ReferencedTweet id=1496755410270756868 type=retweeted]
177400353,[<ReferencedTweet id=1496624974115016704 type=retweeted]
177400353,[<ReferencedTweet id=1496450975934328832 type=retweeted]
177400353,[<ReferencedTweet id=1496258373406584832 type=retweeted]
177400353,[<ReferencedTweet id=1496471252483325952 type=retweeted]
177400353,[<ReferencedTweet id=1496016906729701377 type=retweeted]
177400353,[<ReferencedTweet id=1496026962632278018 type=retweeted]
177400353,[<ReferencedTweet id=1496021256889839618 type=retweeted]
177400353,[<ReferencedTweet id=1495949997258731522 type=retweeted]
177400353,[<ReferencedTweet id=1496044427546365956 type=retweeted]
177400353,[<ReferencedTweet id=1495944357740163076 type=retweeted]
177400353,[<ReferencedTweet id=1495940313810374657 type=retweeted]
177400353,[<ReferencedTweet id=1495940363487707139 type=retweeted]
177400353,[<ReferencedTweet id=1495940085170466819 type=retweeted]
177400353,[<ReferencedTweet id=1495932542536593411 type=retweeted]
177400353,[<ReferencedTweet id=1495932998247936002 type=retweeted]
177400353,[<ReferencedTweet id=1495926442856976385 type=retweeted]
177400353,[<ReferencedTweet id=1495929310649237510 type=retweeted]
177400353,[<ReferencedTweet id=1495929530070212611 type=retweeted]
177400353,[<ReferencedTweet id=1495928847942193152 type=retweeted]
177400353,[<ReferencedTweet id=1495930005133881345 type=retweeted]
177400353,[<ReferencedTweet id=1495930172088143874 type=retweeted]
177400353,[<ReferencedTweet id=1495930515228139526 type=retweeted]
177400353,[<ReferencedTweet id=1495928544509456384 type=retweeted]
177400353,[<ReferencedTweet id=1495930856774717440 type=retweeted]
177400353,[<ReferencedTweet id=1495930978459652100 type=retweeted]
177400353,[<ReferencedTweet id=1495931065600712707 type=retweeted]
177400353,[<ReferencedTweet id=1495931111683534853 type=retweeted]
177400353,[<ReferencedTweet id=1495927963648675841 type=retweeted]
177400353,[<ReferencedTweet id=1495930819348942849 type=retweeted]
177400353,[<ReferencedTweet id=1495928225104637953 type=retweeted]
177400353,[<ReferencedTweet id=1495926722545745920 type=retweeted]
177400353,[<ReferencedTweet id=1495926326116630528 type=retweeted]
177400353,[<ReferencedTweet id=1495691588542279681 type=retweeted]
177400353,[<ReferencedTweet id=1495805941765505026 type=retweeted]
177400353,[<ReferencedTweet id=1495707672297238528 type=retweeted]
177400353,[<ReferencedTweet id=1495800644460023813 type=retweeted]
177400353,[<ReferencedTweet id=1495364980555747329 type=retweeted]
177400353,[<ReferencedTweet id=1495780137555886081 type=retweeted]
177400353,[<ReferencedTweet id=1495777278395129859 type=retweeted]
177400353,[<ReferencedTweet id=1495722297327599616 type=retweeted]
177400353,[<ReferencedTweet id=1495722721979809795 type=retweeted]
177400353,[<ReferencedTweet id=1495724434807742466 type=retweeted]
177400353,[<ReferencedTweet id=1495725114167631877 type=retweeted]
177400353,[<ReferencedTweet id=1495725440002056195 type=retweeted]
177400353,[<ReferencedTweet id=1495668660618563585 type=retweeted]
177400353,[<ReferencedTweet id=1495437985512583168 type=retweeted]
177400353,[<ReferencedTweet id=1495198758933385216 type=retweeted]
177400353,[<ReferencedTweet id=1495609534437785601 type=retweeted]
177400353,[<ReferencedTweet id=1495360885459603458 type=retweeted]
177400353,[<ReferencedTweet id=1495412586829185024 type=retweeted]
177400353,[<ReferencedTweet id=1495401643491352579 type=retweeted]
177400353,[<ReferencedTweet id=1495388053787258880 type=retweeted]
177400353,[<ReferencedTweet id=1495261343913426945 type=retweeted]
177400353,[<ReferencedTweet id=1495308118531588103 type=retweeted]
177400353,[<ReferencedTweet id=1495227804207947776 type=retweeted]
177400353,[<ReferencedTweet id=1495235915224346625 type=retweeted]
177400353,[<ReferencedTweet id=1495164531940945920 type=retweeted]
177400353,[<ReferencedTweet id=1495211205840932865 type=retweeted]
177400353,[<ReferencedTweet id=1494901522656022536 type=retweeted]
177400353,[<ReferencedTweet id=1494660668942864387 type=retweeted]
177400353,[<ReferencedTweet id=1494617606921195520 type=retweeted]
177400353,[<ReferencedTweet id=1494590409846456324 type=retweeted]
177400353,[<ReferencedTweet id=1494590131193344001 type=retweeted]
177400353,[<ReferencedTweet id=1494590729444028416 type=retweeted]
177400353,[<ReferencedTweet id=1494507400090746880 type=retweeted]
177400353,[<ReferencedTweet id=1494583310038667267 type=retweeted]
177400353,[<ReferencedTweet id=1494491147292450819 type=retweeted]
177400353,[<ReferencedTweet id=1494296443280003076 type=retweeted]
177400353,[<ReferencedTweet id=1494357097848655874 type=retweeted]
177400353,[<ReferencedTweet id=1494197531332726784 type=retweeted]
177400353,[<ReferencedTweet id=1494200153187950592 type=retweeted]
177400353,[<ReferencedTweet id=1494195616460668928 type=retweeted]
177400353,[<ReferencedTweet id=1494104436888637440 type=retweeted]
177400353,[<ReferencedTweet id=1494189584972148738 type=retweeted]
177400353,[<ReferencedTweet id=1494197259029729280 type=retweeted]
177400353,[<ReferencedTweet id=1494170839423455234 type=retweeted]
177400353,[<ReferencedTweet id=1494097231342886914 type=retweeted]
177400353,[<ReferencedTweet id=1494131661701025795 type=retweeted]
177400353,[<ReferencedTweet id=1493909824450572296 type=retweeted]
177400353,[<ReferencedTweet id=1493813256175386626 type=retweeted]
177400353,[<ReferencedTweet id=1493237641722363906 type=retweeted]
177400353,[<ReferencedTweet id=1493387485682053121 type=retweeted]
177400353,[<ReferencedTweet id=1493193858913824769 type=retweeted]
177400353,[<ReferencedTweet id=1493198728119058435 type=retweeted]
177400353,[<ReferencedTweet id=1493193203402502152 type=retweeted]
177400353,[<ReferencedTweet id=1493175262514913280 type=retweeted]
177400353,[<ReferencedTweet id=1493167303487328257 type=retweeted]
177400353,[<ReferencedTweet id=1493112760426713090 type=retweeted]
177400353,[<ReferencedTweet id=1493132165651255298 type=retweeted]
177400353,[<ReferencedTweet id=1493132175138750466 type=retweeted]
177400353,[<ReferencedTweet id=1493132184701784068 type=retweeted]
177400353,[<ReferencedTweet id=1493094773908905984 type=retweeted]
177400353,[<ReferencedTweet id=1493084211837763586 type=retweeted]
177400353,[<ReferencedTweet id=1493089410199744512 type=retweeted]
177400353,[<ReferencedTweet id=1493089739540672516 type=retweeted]
177400353,[<ReferencedTweet id=1493089745571749892 type=retweeted]
177400353,[<ReferencedTweet id=1493065266103668738 type=retweeted]
177400353,[<ReferencedTweet id=1493062315356585993 type=retweeted]
177400353,[<ReferencedTweet id=1493088540212994050 type=retweeted]
177400353,[<ReferencedTweet id=1493067503769366528 type=retweeted]
177400353,[<ReferencedTweet id=1492367526105600000 type=retweeted]
177400353,[<ReferencedTweet id=1493078527788597250 type=retweeted]
177400353,[<ReferencedTweet id=1493078694239236096 type=retweeted]
177400353,[<ReferencedTweet id=1493061119732498434 type=retweeted]
177400353,[<ReferencedTweet id=1493070323713212417 type=retweeted]
177400353,[<ReferencedTweet id=1493064262029557766 type=retweeted]
177400353,[<ReferencedTweet id=1493016938552778755 type=retweeted]
177400353,[<ReferencedTweet id=1493019403654340610 type=retweeted]
177400353,[<ReferencedTweet id=1492695292579581955 type=retweeted]
177400353,[<ReferencedTweet id=1492861945896062976 type=retweeted]
177400353,[<ReferencedTweet id=1492860943449079814 type=retweeted]
177400353,[<ReferencedTweet id=1492425810036367367 type=retweeted]
177400353,[<ReferencedTweet id=1492445197518712833 type=retweeted]
177400353,[<ReferencedTweet id=1492241906134396932 type=retweeted]
177400353,[<ReferencedTweet id=1492370537393188864 type=retweeted]
177400353,[<ReferencedTweet id=1492350141420179456 type=retweeted]
177400353,[<ReferencedTweet id=1492403194802049025 type=retweeted]
177400353,[<ReferencedTweet id=1492338610648932353 type=retweeted]
177400353,[<ReferencedTweet id=1492368683964203008 type=retweeted]
177400353,[<ReferencedTweet id=1492354576271376384 type=retweeted]
177400353,[<ReferencedTweet id=1492361520692740096 type=retweeted]
177400353,[<ReferencedTweet id=1492362465061273600 type=retweeted]
177400353,[<ReferencedTweet id=1492352219294822405 type=retweeted]
177400353,[<ReferencedTweet id=1492359499092721669 type=retweeted]
177400353,[<ReferencedTweet id=1491954975697608708 type=retweeted]
177400353,[<ReferencedTweet id=1492334385114148865 type=retweeted]
177400353,[<ReferencedTweet id=1492330146346323969 type=retweeted]
177400353,[<ReferencedTweet id=1492333140509032450 type=retweeted]
177400353,[<ReferencedTweet id=1492183899832664066 type=retweeted]
177400353,[<ReferencedTweet id=1492083497963511809 type=retweeted]
177400353,[<ReferencedTweet id=1492069364056666114 type=retweeted]
177400353,[<ReferencedTweet id=1491965269685661696 type=retweeted]
177400353,[<ReferencedTweet id=1492117541313204229 type=retweeted]
177400353,[<ReferencedTweet id=1492061070072193024 type=retweeted]
177400353,[<ReferencedTweet id=1492110145866047489 type=retweeted]
177400353,[<ReferencedTweet id=1492074478293168128 type=retweeted]
177400353,[<ReferencedTweet id=1492056837885149193 type=retweeted]
177400353,[<ReferencedTweet id=1492007018479370240 type=retweeted]
177400353,[<ReferencedTweet id=1492061668981219329 type=retweeted]
177400353,[<ReferencedTweet id=1492012166618091523 type=retweeted]
177400353,[<ReferencedTweet id=1492010203591905281 type=retweeted]
177400353,[<ReferencedTweet id=1492010912265342979 type=retweeted]
177400353,[<ReferencedTweet id=1492011525212676122 type=retweeted]
177400353,[<ReferencedTweet id=1492005581778931712 type=retweeted]
177400353,[<ReferencedTweet id=1491995165552041986 type=retweeted]
177400353,[<ReferencedTweet id=1491975961608216582 type=retweeted]
177400353,[<ReferencedTweet id=1491984281891000323 type=retweeted]
177400353,[<ReferencedTweet id=1491975981531549698 type=retweeted]
177400353,[<ReferencedTweet id=1491966896316772355 type=retweeted]
177400353,[<ReferencedTweet id=1491736765870182402 type=retweeted]
177400353,[<ReferencedTweet id=1491936430406311936 type=retweeted]
177400353,[<ReferencedTweet id=1491895060761554946 type=retweeted]
177400353,[<ReferencedTweet id=1491815969244999681 type=retweeted]
177400353,[<ReferencedTweet id=1491746531476590597 type=retweeted]
177400353,[<ReferencedTweet id=1491667068210618368 type=retweeted]
177400353,[<ReferencedTweet id=1491679690905374721 type=retweeted]
177400353,[<ReferencedTweet id=1491588426298105856 type=retweeted]
177400353,[<ReferencedTweet id=1491390925876391940 type=retweeted]
177400353,[<ReferencedTweet id=1491397895467450370 type=retweeted]
177400353,[<ReferencedTweet id=1491272606540263424 type=retweeted]
177400353,[<ReferencedTweet id=1490907196095270912 type=retweeted]
177400353,[<ReferencedTweet id=1491303319348084738 type=retweeted]
177400353,[<ReferencedTweet id=1491375475696218112 type=retweeted]
177400353,[<ReferencedTweet id=1491268129003274243 type=retweeted]
177400353,[<ReferencedTweet id=1356167861182418944 type=retweeted]
177400353,[<ReferencedTweet id=1491308918404182022 type=retweeted]
177400353,[<ReferencedTweet id=1491282051563405314 type=retweeted]
177400353,[<ReferencedTweet id=1491279492979261442 type=retweeted]
177400353,[<ReferencedTweet id=1491009643010990083 type=retweeted]
177400353,[<ReferencedTweet id=1491280816177303554 type=retweeted]
177400353,[<ReferencedTweet id=1491279897549242370 type=retweeted]
177400353,[<ReferencedTweet id=1491273776541368320 type=retweeted]
177400353,[<ReferencedTweet id=1491274514269097984 type=retweeted]
177400353,[<ReferencedTweet id=1491274572486033411 type=retweeted]
177400353,[<ReferencedTweet id=1491020996085616640 type=retweeted]
177400353,[<ReferencedTweet id=1491274725515231237 type=retweeted]
177400353,[<ReferencedTweet id=1491265175730606084 type=retweeted]
177400353,[<ReferencedTweet id=1490854338142646281 type=retweeted]
177400353,[<ReferencedTweet id=1490902903946899461 type=retweeted]
177400353,[<ReferencedTweet id=1490871479612805120 type=retweeted]
177400353,[<ReferencedTweet id=1490856586755321865 type=retweeted]
177400353,[<ReferencedTweet id=1490853710972735488 type=retweeted]
177400353,[<ReferencedTweet id=1490853840266174465 type=retweeted]
177400353,[<ReferencedTweet id=1490846858482110464 type=retweeted]
177400353,[<ReferencedTweet id=1490683957729398785 type=retweeted]
177400353,[<ReferencedTweet id=1490700990320115713 type=retweeted]
177400353,[<ReferencedTweet id=1490692839759814656 type=retweeted]
177400353,[<ReferencedTweet id=1490682850294648840 type=retweeted]
177400353,[<ReferencedTweet id=1490693064024756229 type=retweeted]
177400353,[<ReferencedTweet id=1490676031925067778 type=retweeted]
177400353,[<ReferencedTweet id=1490677792434176001 type=retweeted]
177400353,[<ReferencedTweet id=1490694803478114306 type=retweeted]
177400353,[<ReferencedTweet id=1490688256060518401 type=retweeted]
177400353,[<ReferencedTweet id=1490690132697305093 type=retweeted]
177400353,[<ReferencedTweet id=1490674109969096704 type=retweeted]
177400353,[<ReferencedTweet id=1490694387923587073 type=retweeted]
177400353,[<ReferencedTweet id=1490692477828755462 type=retweeted]
177400353,[<ReferencedTweet id=1490685478324281347 type=retweeted]
177400353,[<ReferencedTweet id=1490689603300315137 type=retweeted]
177400353,[<ReferencedTweet id=1490689845353607172 type=retweeted]
177400353,[<ReferencedTweet id=1490689847409152001 type=retweeted]
177400353,[<ReferencedTweet id=1490688210720198659 type=retweeted]
177400353,[<ReferencedTweet id=1490687944457273346 type=retweeted]
177400353,[<ReferencedTweet id=1490684009596145665 type=retweeted]
177400353,[<ReferencedTweet id=1490683615323344896 type=retweeted]
177400353,[<ReferencedTweet id=1490680163071574020 type=retweeted]
177400353,[<ReferencedTweet id=1490680433947856896 type=retweeted]
177400353,[<ReferencedTweet id=1490681290160361479 type=retweeted]
177400353,[<ReferencedTweet id=1490683628283899907 type=retweeted]
177400353,[<ReferencedTweet id=1490680977466990596 type=retweeted]
177400353,[<ReferencedTweet id=1490677252530470914 type=retweeted]
177400353,[<ReferencedTweet id=1490669361564372994 type=retweeted]
177400353,[<ReferencedTweet id=1490679052906418181 type=retweeted]
177400353,[<ReferencedTweet id=1490678080179884034 type=retweeted]
177400353,[<ReferencedTweet id=1490678088275042305 type=retweeted]
177400353,[<ReferencedTweet id=1490678090896338948 type=retweeted]
177400353,[<ReferencedTweet id=1490678106855772168 type=retweeted]
177400353,[<ReferencedTweet id=1490678146437627906 type=retweeted]
177400353,[<ReferencedTweet id=1490678168277028866 type=retweeted]
177400353,[<ReferencedTweet id=1490677034867208193 type=retweeted]
177400353,[<ReferencedTweet id=1490671911554138112 type=retweeted]
177400353,[<ReferencedTweet id=1490672023177404416 type=retweeted]
177400353,[<ReferencedTweet id=1490672028029960195 type=retweeted]
177400353,[<ReferencedTweet id=1490672041087111175 type=retweeted]
177400353,[<ReferencedTweet id=1490672184183988231 type=retweeted]
177400353,[<ReferencedTweet id=1490666721568600068 type=retweeted]
177400353,[<ReferencedTweet id=1490664551834030090 type=retweeted]
177400353,[<ReferencedTweet id=1490022500549505032 type=retweeted]
177400353,[<ReferencedTweet id=1489985988109934592 type=retweeted]
177400353,[<ReferencedTweet id=1490288650810441729 type=retweeted]
177400353,[<ReferencedTweet id=1320177068408066049 type=retweeted]
177400353,[<ReferencedTweet id=1490255192213712897 type=retweeted]
177400353,[<ReferencedTweet id=1490175880554897414 type=retweeted]
177400353,[<ReferencedTweet id=1489797570658545664 type=retweeted]
177400353,[<ReferencedTweet id=1490007336806936576 type=retweeted]
177400353,[<ReferencedTweet id=1490124365786238978 type=retweeted]
177400353,[<ReferencedTweet id=1489977115999195138 type=retweeted]
177400353,[<ReferencedTweet id=1489912147811442688 type=retweeted]
177400353,[<ReferencedTweet id=1489971036263272452 type=retweeted]
177400353,[<ReferencedTweet id=1489959078344691717 type=retweeted]
177400353,[<ReferencedTweet id=1489909967268241410 type=retweeted]
177400353,[<ReferencedTweet id=1489796980259835904 type=retweeted]
177400353,[<ReferencedTweet id=1489934808172343302 type=retweeted]
177400353,[<ReferencedTweet id=1489851337458462723 type=retweeted]
177400353,[<ReferencedTweet id=1489869926609395712 type=retweeted]
177400353,[<ReferencedTweet id=1489826397124055041 type=retweeted]
177400353,[<ReferencedTweet id=1489841843601031169 type=retweeted]
177400353,[<ReferencedTweet id=1489800808983973890 type=retweeted]
177400353,[<ReferencedTweet id=1489796394684661763 type=retweeted]
177400353,[<ReferencedTweet id=1489799455360843776 type=retweeted]
177400353,[<ReferencedTweet id=1489798659411968000 type=retweeted]
177400353,[<ReferencedTweet id=1489799418329329666 type=retweeted]
177400353,[<ReferencedTweet id=1489641842794971136 type=retweeted]
177400353,[<ReferencedTweet id=1489248137633927174 type=retweeted]
177400353,[<ReferencedTweet id=1489601428113211393 type=retweeted]
177400353,[<ReferencedTweet id=1489592756209356801 type=retweeted]
177400353,[<ReferencedTweet id=1489586493790494720 type=retweeted]
177400353,[<ReferencedTweet id=1489584618466537474 type=retweeted]
177400353,[<ReferencedTweet id=1489241772794408967 type=retweeted]
177400353,[<ReferencedTweet id=1489522957802254341 type=retweeted]
177400353,[<ReferencedTweet id=1489513190538964993 type=retweeted]
177400353,[<ReferencedTweet id=1489456490733727746 type=retweeted]
177400353,[<ReferencedTweet id=1489487480835670017 type=retweeted]
177400353,[<ReferencedTweet id=1489457722453946370 type=retweeted]
177400353,[<ReferencedTweet id=1489389994632519690 type=retweeted]
177400353,[<ReferencedTweet id=1489434062401900548 type=retweeted]
177400353,[<ReferencedTweet id=1489424975274541062 type=retweeted]
177400353,[<ReferencedTweet id=1489208486022234120 type=retweeted]
177400353,[<ReferencedTweet id=1489234205003366406 type=retweeted]
177400353,[<ReferencedTweet id=1489228292062605317 type=retweeted]
177400353,[<ReferencedTweet id=1489416835552673792 type=retweeted]
177400353,[<ReferencedTweet id=1489383636751335435 type=retweeted]
177400353,[<ReferencedTweet id=1489209039850713089 type=retweeted]
177400353,[<ReferencedTweet id=1489264587560022019 type=retweeted]
177400353,[<ReferencedTweet id=1489115193242050560 type=retweeted]
177400353,[<ReferencedTweet id=1489224213676265475 type=retweeted]
177400353,[<ReferencedTweet id=1489118592516096002 type=retweeted]
177400353,[<ReferencedTweet id=1489104735718481920 type=retweeted]
177400353,[<ReferencedTweet id=1489097289587052546 type=retweeted]
177400353,[<ReferencedTweet id=1489043737875709952 type=retweeted]
177400353,[<ReferencedTweet id=1489041119681777667 type=retweeted]
177400353,[<ReferencedTweet id=1489059994280800256 type=retweeted]
177400353,[<ReferencedTweet id=1489064406105346049 type=retweeted]
177400353,[<ReferencedTweet id=1489067531856117763 type=retweeted]
177400353,[<ReferencedTweet id=1489066550518706178 type=retweeted]
177400353,[<ReferencedTweet id=1489066566054416386 type=retweeted]
177400353,[<ReferencedTweet id=1489063299773878278 type=retweeted]
177400353,[<ReferencedTweet id=1489061808887328771 type=retweeted]
177400353,[<ReferencedTweet id=1489060949373849601 type=retweeted]
177400353,[<ReferencedTweet id=1489060211620937733 type=retweeted]
177400353,[<ReferencedTweet id=1489059944779304965 type=retweeted]
177400353,[<ReferencedTweet id=1489059481745244160 type=retweeted]
177400353,[<ReferencedTweet id=1489056385216434176 type=retweeted]
177400353,[<ReferencedTweet id=1489053648302739457 type=retweeted]
177400353,[<ReferencedTweet id=1489047844329689090 type=retweeted]
177400353,[<ReferencedTweet id=1489041354571542528 type=retweeted]
177400353,[<ReferencedTweet id=1488917642186420225 type=retweeted]
177400353,[<ReferencedTweet id=1488871832581255170 type=retweeted]
177400353,[<ReferencedTweet id=1488681039786823682 type=retweeted]
177400353,[<ReferencedTweet id=1488845720983465984 type=retweeted]
177400353,[<ReferencedTweet id=1488825223495532550 type=retweeted]
177400353,[<ReferencedTweet id=1488714393751736320 type=retweeted]
177400353,[<ReferencedTweet id=1488706658302066688 type=retweeted]
177400353,[<ReferencedTweet id=1488720635690119168 type=retweeted]
177400353,[<ReferencedTweet id=1488681547125256196 type=retweeted]
177400353,[<ReferencedTweet id=1488692308258467843 type=retweeted]
177400353,[<ReferencedTweet id=1488498742416519168 type=retweeted]
177400353,[<ReferencedTweet id=1487982003903668227 type=retweeted]
177400353,[<ReferencedTweet id=1488357353040740355 type=retweeted]
177400353,[<ReferencedTweet id=1488322138558046213 type=retweeted]
177400353,[<ReferencedTweet id=1488027135822671874 type=retweeted]
177400353,[<ReferencedTweet id=1488180090160644096 type=retweeted]
177400353,[<ReferencedTweet id=1488178196466053120 type=retweeted]
177400353,[<ReferencedTweet id=1488172535069949955 type=retweeted]
177400353,[<ReferencedTweet id=1488101862276362243 type=retweeted]
177400353,[<ReferencedTweet id=1487771458264866821 type=retweeted]
177400353,[<ReferencedTweet id=1487808826803998721 type=retweeted]
177400353,[<ReferencedTweet id=1487808775730122757 type=retweeted]
177400353,[<ReferencedTweet id=1487716329184702468 type=retweeted]
177400353,[<ReferencedTweet id=1487611718066847747 type=retweeted]
177400353,[<ReferencedTweet id=1487740152428511236 type=retweeted]
177400353,[<ReferencedTweet id=1487677030204207104 type=retweeted]
177400353,[<ReferencedTweet id=1487683200201543684 type=retweeted]
177400353,[<ReferencedTweet id=1487661285646876677 type=retweeted]
177400353,[<ReferencedTweet id=1487675988675018759 type=retweeted]
177400353,[<ReferencedTweet id=1487663068121219079 type=retweeted]
177400353,[<ReferencedTweet id=1487670816372256770 type=retweeted]
177400353,[<ReferencedTweet id=1487667268880191488 type=retweeted]
177400353,[<ReferencedTweet id=1487651033002426368 type=retweeted]
177400353,[<ReferencedTweet id=1487660873829470210 type=retweeted]
177400353,[<ReferencedTweet id=1487619953398218753 type=retweeted]
177400353,[<ReferencedTweet id=1487608317124161537 type=retweeted]
177400353,[<ReferencedTweet id=1487488394007568387 type=retweeted]
177400353,[<ReferencedTweet id=1487488689211068419 type=retweeted]
177400353,[<ReferencedTweet id=1487490375342346242 type=retweeted]
177400353,[<ReferencedTweet id=1487501371997929485 type=retweeted]
177400353,[<ReferencedTweet id=1487460747416588288 type=retweeted]
177400353,[<ReferencedTweet id=1487308519447875586 type=retweeted]
177400353,[<ReferencedTweet id=1487341846980599808 type=retweeted]
177400353,[<ReferencedTweet id=1487361240486014976 type=retweeted]
177400353,[<ReferencedTweet id=1487433002539831297 type=retweeted]
177400353,[<ReferencedTweet id=1487449080259178498 type=retweeted]
177400353,[<ReferencedTweet id=1487425478508089354 type=retweeted]
177400353,[<ReferencedTweet id=1487402569316057088 type=retweeted]
177400353,[<ReferencedTweet id=1487397261122355200 type=retweeted]
177400353,[<ReferencedTweet id=1487377321980198916 type=retweeted]
177400353,[<ReferencedTweet id=1487316344152342534 type=retweeted]
177400353,[<ReferencedTweet id=1486969239521009668 type=retweeted]
177400353,[<ReferencedTweet id=1487271726476005376 type=retweeted]
177400353,[<ReferencedTweet id=1487268806196367362 type=retweeted]
177400353,[<ReferencedTweet id=1487232323045457921 type=retweeted]
177400353,[<ReferencedTweet id=1487038393053712386 type=retweeted]
177400353,[<ReferencedTweet id=1486933239256469504 type=retweeted]
177400353,[<ReferencedTweet id=1487029534205825024 type=retweeted]
177400353,[<ReferencedTweet id=1486990441031811073 type=retweeted]
177400353,[<ReferencedTweet id=1486978259250475009 type=retweeted]
177400353,[<ReferencedTweet id=1486982972095954951 type=retweeted]
177400353,[<ReferencedTweet id=1486972808777273345 type=retweeted]
177400353,[<ReferencedTweet id=1486980892165820417 type=retweeted]
177400353,[<ReferencedTweet id=1486962906998935554 type=retweeted]
177400353,[<ReferencedTweet id=1486979125823045633 type=retweeted]
177400353,[<ReferencedTweet id=1486936422015991816 type=retweeted]
177400353,[<ReferencedTweet id=1486973702504083456 type=retweeted]
177400353,[<ReferencedTweet id=1486936656825389056 type=retweeted]
177400353,[<ReferencedTweet id=1486933834986057728 type=retweeted]
177400353,[<ReferencedTweet id=1486931995611570176 type=retweeted]
177400353,[<ReferencedTweet id=1486950723007189000 type=retweeted]
177400353,[<ReferencedTweet id=1486934174208606208 type=retweeted]
177400353,[<ReferencedTweet id=1486943494493327360 type=retweeted]
177400353,[<ReferencedTweet id=1486927890818031630 type=retweeted]
177400353,[<ReferencedTweet id=1486931079428976640 type=retweeted]
177400353,[<ReferencedTweet id=1486931870621511685 type=retweeted]
177400353,[<ReferencedTweet id=1486928121995853825 type=retweeted]
177400353,[<ReferencedTweet id=1486861685399126017 type=retweeted]
177400353,[<ReferencedTweet id=1486652812054315010 type=retweeted]
177400353,[<ReferencedTweet id=1486582651427246082 type=retweeted]
177400353,[<ReferencedTweet id=1486323527884349445 type=retweeted]
177400353,[<ReferencedTweet id=1486536718299762690 type=retweeted]
177400353,[<ReferencedTweet id=1486575701956333576 type=retweeted]
177400353,[<ReferencedTweet id=1485223413891596289 type=retweeted]
177400353,[<ReferencedTweet id=1486672577447747589 type=retweeted]
177400353,[<ReferencedTweet id=1486509266500345858 type=retweeted]
177400353,[<ReferencedTweet id=1486351128061042695 type=retweeted]
177400353,[<ReferencedTweet id=1486488621926526987 type=retweeted]
177400353,[<ReferencedTweet id=1486352034345656330 type=retweeted]
177400353,[<ReferencedTweet id=1486329548434128897 type=retweeted]
177400353,[<ReferencedTweet id=1486215217915002888 type=retweeted]
177400353,[<ReferencedTweet id=1486021822378573824 type=retweeted]
177400353,[<ReferencedTweet id=1486026991178756097 type=retweeted]
177400353,[<ReferencedTweet id=1485998135038320640 type=retweeted]
177400353,[<ReferencedTweet id=1485999270876565509 type=retweeted]
177400353,[<ReferencedTweet id=1485934410537254915 type=retweeted]
177400353,[<ReferencedTweet id=1485946267666722819 type=retweeted]
177400353,[<ReferencedTweet id=1485901182992531456 type=retweeted]
177400353,[<ReferencedTweet id=1485964272421437442 type=retweeted]
177400353,[<ReferencedTweet id=1485952256243609601 type=retweeted]
177400353,[<ReferencedTweet id=1485947815641903108 type=retweeted]
177400353,[<ReferencedTweet id=1485908942563983361 type=retweeted]
177400353,[<ReferencedTweet id=1485793249117757440 type=retweeted]
177400353,[<ReferencedTweet id=1482935374200844288 type=retweeted]
177400353,[<ReferencedTweet id=1485924835314520064 type=retweeted]
177400353,[<ReferencedTweet id=1485804675807195138 type=retweeted]
177400353,[<ReferencedTweet id=1485899279244095494 type=retweeted]
177400353,[<ReferencedTweet id=1485801080445308928 type=retweeted]
177400353,[<ReferencedTweet id=1485866451961794560 type=retweeted]
177400353,[<ReferencedTweet id=1485850101398528000 type=retweeted]
177400353,[<ReferencedTweet id=1485803605043322881 type=retweeted]
177400353,[<ReferencedTweet id=1485741550386937856 type=retweeted]
177400353,[<ReferencedTweet id=1485656207046098950 type=retweeted]
177400353,[<ReferencedTweet id=1485605928858955785 type=retweeted]
177400353,[<ReferencedTweet id=1485589174623567872 type=retweeted]
177400353,[<ReferencedTweet id=1485435338550296578 type=retweeted]
177400353,[<ReferencedTweet id=1485435610114699265 type=retweeted]
177400353,[<ReferencedTweet id=1485446061132976132 type=retweeted]
177400353,[<ReferencedTweet id=1485224857046773767 type=retweeted]
177400353,[<ReferencedTweet id=1485442205565472770 type=retweeted]
177400353,[<ReferencedTweet id=1485421820111372288 type=retweeted]
177400353,[<ReferencedTweet id=1485211817420881923 type=retweeted]
177400353,[<ReferencedTweet id=1485215217810292740 type=retweeted]
177400353,[<ReferencedTweet id=1485261669987201028 type=retweeted]
177400353,[<ReferencedTweet id=1485230848593264642 type=retweeted]
177400353,[<ReferencedTweet id=1485236867188793346 type=retweeted]
177400353,[<ReferencedTweet id=1485213373818101763 type=retweeted]
177400353,[<ReferencedTweet id=1485221799248154628 type=retweeted]
177400353,[<ReferencedTweet id=1485207207734091776 type=retweeted]
177400353,[<ReferencedTweet id=1485212436697395202 type=retweeted]
177400353,[<ReferencedTweet id=1485211092410585088 type=retweeted]
177400353,[<ReferencedTweet id=1485222900873371655 type=retweeted]
177400353,[<ReferencedTweet id=1485225695328731137 type=retweeted]
177400353,[<ReferencedTweet id=1485222902639349762 type=retweeted]
177400353,[<ReferencedTweet id=1485217703463989249 type=retweeted]
177400353,[<ReferencedTweet id=1485209643366612994 type=retweeted]
177400353,[<ReferencedTweet id=1485207386403258370 type=retweeted]
177400353,[<ReferencedTweet id=1485206583034675200 type=retweeted]
177400353,[<ReferencedTweet id=1485173580879249422 type=retweeted]
177400353,[<ReferencedTweet id=1485175006464204800 type=retweeted]
177400353,[<ReferencedTweet id=1485165236391149569 type=retweeted]
177400353,[<ReferencedTweet id=1485069181175402498 type=retweeted]
177400353,[<ReferencedTweet id=1485140617382756352 type=retweeted]
177400353,[<ReferencedTweet id=1485098068332924928 type=retweeted]
177400353,[<ReferencedTweet id=1484455358034636811 type=retweeted]
177400353,[<ReferencedTweet id=1484885451425017858 type=retweeted]
177400353,[<ReferencedTweet id=1484900408761860096 type=retweeted]
177400353,[<ReferencedTweet id=1484847913519833088 type=retweeted]
177400353,[<ReferencedTweet id=1484828958147608576 type=retweeted]
177400353,[<ReferencedTweet id=1484835812823158785 type=retweeted]
177400353,[<ReferencedTweet id=1484839027089887233 type=retweeted]
177400353,[<ReferencedTweet id=1484865015069159430 type=retweeted]
177400353,[<ReferencedTweet id=1484735515899228164 type=retweeted]
177400353,[<ReferencedTweet id=1484516824788176900 type=retweeted]
177400353,[<ReferencedTweet id=1478756238515077120 type=retweeted]
177400353,[<ReferencedTweet id=1484722314558074880 type=retweeted]
177400353,[<ReferencedTweet id=1484528902404026372 type=retweeted]
177400353,[<ReferencedTweet id=1484530668357165058 type=retweeted]
177400353,[<ReferencedTweet id=1484701965225697280 type=retweeted]
177400353,[<ReferencedTweet id=1484702282285727750 type=retweeted]
177400353,[<ReferencedTweet id=1484563645753622530 type=retweeted]
177400353,[<ReferencedTweet id=1484566351419424770 type=retweeted]
177400353,[<ReferencedTweet id=1484564656115322886 type=retweeted]
177400353,[<ReferencedTweet id=1484573549616852994 type=retweeted]
177400353,[<ReferencedTweet id=1484559743108755458 type=retweeted]
177400353,[<ReferencedTweet id=1484555446283571202 type=retweeted]
177400353,[<ReferencedTweet id=1484572635552161795 type=retweeted]
177400353,[<ReferencedTweet id=1484467214187044873 type=retweeted]
177400353,[<ReferencedTweet id=1484589314495623171 type=retweeted]
177400353,[<ReferencedTweet id=1484397027878633474 type=retweeted]
177400353,[<ReferencedTweet id=1484518606671347713 type=retweeted]
177400353,[<ReferencedTweet id=1484514594974576649 type=retweeted]
177400353,[<ReferencedTweet id=1484477126657126401 type=retweeted]
177400353,[<ReferencedTweet id=1484470601284669443 type=retweeted]
177400353,[<ReferencedTweet id=1484472051549102081 type=retweeted]
177400353,[<ReferencedTweet id=1484466949497233408 type=retweeted]
177400353,[<ReferencedTweet id=1484165972517072898 type=retweeted]
177400353,[<ReferencedTweet id=1484276926617432066 type=retweeted]
177400353,[<ReferencedTweet id=1484301433365499904 type=retweeted]
177400353,[<ReferencedTweet id=1484179126647164928 type=retweeted]
177400353,[<ReferencedTweet id=1484166746743398406 type=retweeted]
177400353,[<ReferencedTweet id=1484188721805414400 type=retweeted]
177400353,[<ReferencedTweet id=1484153330486157314 type=retweeted]
177400353,[<ReferencedTweet id=1484149771132870660 type=retweeted]
177400353,[<ReferencedTweet id=1484159634000777222 type=retweeted]
177400353,[<ReferencedTweet id=1484173677663256581 type=retweeted]
177400353,[<ReferencedTweet id=1484150244145496066 type=retweeted]
177400353,[<ReferencedTweet id=1484170088626663426 type=retweeted]
177400353,[<ReferencedTweet id=1484142033736704009 type=retweeted]
177400353,[<ReferencedTweet id=1484164930962137089 type=retweeted]
177400353,[<ReferencedTweet id=1484165430642356225 type=retweeted]
177400353,[<ReferencedTweet id=1483956332977922052 type=retweeted]
177400353,[<ReferencedTweet id=1484111371994562562 type=retweeted]
177400353,[<ReferencedTweet id=1484095285898919937 type=retweeted]
177400353,[<ReferencedTweet id=1484154092654333953 type=retweeted]
177400353,[<ReferencedTweet id=1484146872088367109 type=retweeted]
177400353,[<ReferencedTweet id=1484160068740612100 type=retweeted]
177400353,[<ReferencedTweet id=1484158524204535813 type=retweeted]
177400353,[<ReferencedTweet id=1484157422914523137 type=retweeted]
177400353,[<ReferencedTweet id=1484153851024654340 type=retweeted]
177400353,[<ReferencedTweet id=1484150068370239490 type=retweeted]
177400353,[<ReferencedTweet id=1484150718072520705 type=retweeted]
177400353,[<ReferencedTweet id=1484150535234420743 type=retweeted]
177400353,[<ReferencedTweet id=1484148923648593926 type=retweeted]
177400353,[<ReferencedTweet id=1484145808891002880 type=retweeted]
177400353,[<ReferencedTweet id=1484145898188066818 type=retweeted]
177400353,[<ReferencedTweet id=1484144994055524357 type=retweeted]
177400353,[<ReferencedTweet id=1484136713488322560 type=retweeted]
177400353,[<ReferencedTweet id=1484136439902208001 type=retweeted]
177400353,[<ReferencedTweet id=1484024810829414407 type=retweeted]
177400353,[<ReferencedTweet id=1484020145882206209 type=retweeted]
177400353,[<ReferencedTweet id=1483832481191063552 type=retweeted]
177400353,[<ReferencedTweet id=1483994038676377601 type=retweeted]
177400353,[<ReferencedTweet id=1483874631656345601 type=retweeted]
177400353,[<ReferencedTweet id=1483849135854059525 type=retweeted]
177400353,[<ReferencedTweet id=1483821708012580867 type=retweeted]
177400353,[<ReferencedTweet id=1483752683643498497 type=retweeted]
177400353,[<ReferencedTweet id=1483723676973694976 type=retweeted]
177400353,[<ReferencedTweet id=1483743699880538112 type=retweeted]
177400353,[<ReferencedTweet id=1483744904941809669 type=retweeted]
177400353,[<ReferencedTweet id=1483733004422103044 type=retweeted]
177400353,[<ReferencedTweet id=1483730955320033289 type=retweeted]
177400353,[<ReferencedTweet id=1483689414308298757 type=retweeted]
177400353,[<ReferencedTweet id=1483320387299684355 type=retweeted]
177400353,[<ReferencedTweet id=1483465493721853953 type=retweeted]
177400353,[<ReferencedTweet id=1483379265878241285 type=retweeted]
177400353,[<ReferencedTweet id=1483299955976859650 type=retweeted]
177400353,[<ReferencedTweet id=1483363902394372098 type=retweeted]
177400353,[<ReferencedTweet id=1483269004383125507 type=retweeted]
177400353,[<ReferencedTweet id=1483255513077141506 type=retweeted]
177400353,[<ReferencedTweet id=1483251003671851008 type=retweeted]
177400353,[<ReferencedTweet id=1483250813237862400 type=retweeted]
177400353,[<ReferencedTweet id=1482688684357222402 type=retweeted]
177400353,[<ReferencedTweet id=1482966385386876930 type=retweeted]
177400353,[<ReferencedTweet id=1483093492440375297 type=retweeted]
177400353,[<ReferencedTweet id=1483019274516107267 type=retweeted]
177400353,[<ReferencedTweet id=1483004793006473219 type=retweeted]
177400353,[<ReferencedTweet id=1482858894280245248 type=retweeted]
177400353,[<ReferencedTweet id=1482887050731089920 type=retweeted]
177400353,[<ReferencedTweet id=1482866211582976000 type=retweeted]
177400353,[<ReferencedTweet id=1482873871791718400 type=retweeted]
177400353,[<ReferencedTweet id=1482871089240096768 type=retweeted]
177400353,[<ReferencedTweet id=1482668573923368968 type=retweeted]
177400353,[<ReferencedTweet id=1482640371779788800 type=retweeted]
177400353,[<ReferencedTweet id=1482565941460279303 type=retweeted]
177400353,[<ReferencedTweet id=1482334490806853644 type=retweeted]
177400353,[<ReferencedTweet id=1482465702674157570 type=retweeted]
177400353,[<ReferencedTweet id=1482237458456940545 type=retweeted]
177400353,[<ReferencedTweet id=1482509798684119042 type=retweeted]
177400353,[<ReferencedTweet id=1470875263386980352 type=retweeted]
177400353,[<ReferencedTweet id=1482337622437789699 type=retweeted]
177400353,[<ReferencedTweet id=1482346420828995584 type=retweeted]
177400353,[<ReferencedTweet id=1482356774376439809 type=retweeted]
177400353,[<ReferencedTweet id=1482341774341599237 type=retweeted]
177400353,[<ReferencedTweet id=1481930451438960643 type=retweeted]
177400353,[<ReferencedTweet id=1482134749405712387 type=retweeted]
177400353,[<ReferencedTweet id=1482295798415372293 type=retweeted]
177400353,[<ReferencedTweet id=1482247976856997889 type=retweeted]
177400353,[<ReferencedTweet id=1482213113042669570 type=retweeted]
177400353,[<ReferencedTweet id=1400799382040023047 type=retweeted]
177400353,[<ReferencedTweet id=1481927538465460228 type=retweeted]
177400353,[<ReferencedTweet id=1481983103090532362 type=retweeted]
177400353,[<ReferencedTweet id=1481947242118672385 type=retweeted]
177400353,[<ReferencedTweet id=1481970985834360837 type=retweeted]
177400353,[<ReferencedTweet id=1481910157537853440 type=retweeted]
177400353,[<ReferencedTweet id=1481894362288394244 type=retweeted]
177400353,[<ReferencedTweet id=1481891752206548993 type=retweeted]
177400353,[<ReferencedTweet id=1481842956227125248 type=retweeted]
177400353,[<ReferencedTweet id=1481615699676381193 type=retweeted]
177400353,[<ReferencedTweet id=1481604036160028675 type=retweeted]
177400353,[<ReferencedTweet id=1481359160050864129 type=retweeted]
177400353,[<ReferencedTweet id=1481404695113617408 type=retweeted]
177400353,[<ReferencedTweet id=1481258608759554052 type=retweeted]
177400353,[<ReferencedTweet id=1481229938271440901 type=retweeted]
177400353,[<ReferencedTweet id=1481269776932556802 type=retweeted]
177400353,[<ReferencedTweet id=1481266784825405447 type=retweeted]
177400353,[<ReferencedTweet id=1481248988536139776 type=retweeted]
177400353,[<ReferencedTweet id=1481212093840117761 type=retweeted]
177400353,[<ReferencedTweet id=1481224513643819012 type=retweeted]
177400353,[<ReferencedTweet id=1481220657723875339 type=retweeted]
177400353,[<ReferencedTweet id=1481174728924536833 type=retweeted]
177400353,[<ReferencedTweet id=1481179969350864896 type=retweeted]
177400353,[<ReferencedTweet id=1481180118366183428 type=retweeted]
177400353,[<ReferencedTweet id=1481180162368880642 type=retweeted]
177400353,[<ReferencedTweet id=1481175537800589316 type=retweeted]
177400353,[<ReferencedTweet id=1481175179468234753 type=retweeted]
177400353,[<ReferencedTweet id=1481175205489700864 type=retweeted]
177400353,[<ReferencedTweet id=1481174613371789313 type=retweeted]
177400353,[<ReferencedTweet id=1481174257912905732 type=retweeted]
177400353,[<ReferencedTweet id=1481153022617341953 type=retweeted]
177400353,[<ReferencedTweet id=1481061595220692994 type=retweeted]
177400353,[<ReferencedTweet id=1480937805597798402 type=retweeted]
177400353,[<ReferencedTweet id=1480931780547035144 type=retweeted]
177400353,[<ReferencedTweet id=1480929809702465536 type=retweeted]
177400353,[<ReferencedTweet id=1480928437242335238 type=retweeted]
177400353,[<ReferencedTweet id=1480926448731009036 type=retweeted]
177400353,[<ReferencedTweet id=1480898474342187010 type=retweeted]
177400353,[<ReferencedTweet id=1480872990300508162 type=retweeted]
177400353,[<ReferencedTweet id=1480873043706609666 type=retweeted]
177400353,[<ReferencedTweet id=1480688252440899588 type=retweeted]
177400353,[<ReferencedTweet id=1480825735942180864 type=retweeted]
177400353,[<ReferencedTweet id=1480774399179382786 type=retweeted]
177400353,[<ReferencedTweet id=1480727414929911812 type=retweeted]
177400353,[<ReferencedTweet id=1480677904610643969 type=retweeted]
177400353,[<ReferencedTweet id=1480715023513051137 type=retweeted]
177400353,[<ReferencedTweet id=1480714141379690496 type=retweeted]
177400353,[<ReferencedTweet id=1480712273920417794 type=retweeted]
177400353,[<ReferencedTweet id=1480712493588975617 type=retweeted]
177400353,[<ReferencedTweet id=1480711980818345987 type=retweeted]
177400353,[<ReferencedTweet id=1480714259541598209 type=retweeted]
177400353,[<ReferencedTweet id=1480578792108146688 type=retweeted]
177400353,[<ReferencedTweet id=1480549447851413509 type=retweeted]
177400353,[<ReferencedTweet id=1480436743417438209 type=retweeted]
177400353,[<ReferencedTweet id=1480442919836286978 type=retweeted]
177400353,[<ReferencedTweet id=1480441770534076417 type=retweeted]
177400353,[<ReferencedTweet id=1480438981376593923 type=retweeted]
177400353,[<ReferencedTweet id=1480436064259035139 type=retweeted]
177400353,[<ReferencedTweet id=1480435763997077508 type=retweeted]
177400353,[<ReferencedTweet id=1480437098809282561 type=retweeted]
177400353,[<ReferencedTweet id=1480434589097209857 type=retweeted]
177400353,[<ReferencedTweet id=1480407791198097409 type=retweeted]
177400353,[<ReferencedTweet id=1480382898955980805 type=retweeted]
177400353,[<ReferencedTweet id=1480388174103089152 type=retweeted]
177400353,[<ReferencedTweet id=1480388621869858816 type=retweeted]
177400353,[<ReferencedTweet id=1480381779676577792 type=retweeted]
177400353,[<ReferencedTweet id=1480337040528969728 type=retweeted]
177400353,[<ReferencedTweet id=1480201147067424770 type=retweeted]
177400353,[<ReferencedTweet id=1480225508982161408 type=retweeted]
177400353,[<ReferencedTweet id=1480214403349770241 type=retweeted]
177400353,[<ReferencedTweet id=1480137978659831813 type=retweeted]
177400353,[<ReferencedTweet id=1480160866083475459 type=retweeted]
177400353,[<ReferencedTweet id=1480183073899696134 type=retweeted]
177400353,[<ReferencedTweet id=1480159791737569280 type=retweeted]
177400353,[<ReferencedTweet id=1480130087274037255 type=retweeted]
177400353,[<ReferencedTweet id=1480125685158973443 type=retweeted]
177400353,[<ReferencedTweet id=1480118665584513024 type=retweeted]
177400353,[<ReferencedTweet id=1480060523811307524 type=retweeted]
177400353,[<ReferencedTweet id=1479991174274293767 type=retweeted]
177400353,[<ReferencedTweet id=1480016280820146177 type=retweeted]
177400353,[<ReferencedTweet id=1480012890862075906 type=retweeted]
177400353,[<ReferencedTweet id=1480007273590460419 type=retweeted]
177400353,[<ReferencedTweet id=1480005740584914948 type=retweeted]
177400353,[<ReferencedTweet id=1479824273174716426 type=retweeted]
177400353,[<ReferencedTweet id=1480000298361970694 type=retweeted]
177400353,[<ReferencedTweet id=1479999152071208968 type=retweeted]
177400353,[<ReferencedTweet id=1479997935194710016 type=retweeted]
177400353,[<ReferencedTweet id=1479994537489551366 type=retweeted]
177400353,[<ReferencedTweet id=1479797646244323335 type=retweeted]
177400353,[<ReferencedTweet id=1479708369782906881 type=retweeted]
177400353,[<ReferencedTweet id=1479733318543298560 type=retweeted]
177400353,[<ReferencedTweet id=1479697527226060805 type=retweeted]
177400353,[<ReferencedTweet id=1479717520261009409 type=retweeted]
177400353,[<ReferencedTweet id=1479703007637827585 type=retweeted]
177400353,[<ReferencedTweet id=1479705552489893888 type=retweeted]
177400353,[<ReferencedTweet id=1479703605359767556 type=retweeted]
177400353,[<ReferencedTweet id=1479699831048130562 type=retweeted]
177400353,[<ReferencedTweet id=1479697914238619648 type=retweeted]
177400353,[<ReferencedTweet id=1479683889190764546 type=retweeted]
177400353,[<ReferencedTweet id=1479670196306526210 type=retweeted]
177400353,[<ReferencedTweet id=1479632580576120833 type=retweeted]
177400353,[<ReferencedTweet id=1479673709619073024 type=retweeted]
177400353,[<ReferencedTweet id=1479673817219809283 type=retweeted]
177400353,[<ReferencedTweet id=1479663768963788802 type=retweeted]
177400353,[<ReferencedTweet id=1479621901332803586 type=retweeted]
177400353,[<ReferencedTweet id=1479404991869644800 type=retweeted]
177400353,[<ReferencedTweet id=1479351508294516736 type=retweeted]
177400353,[<ReferencedTweet id=1479265713428697088 type=retweeted]
177400353,[<ReferencedTweet id=1479279464823816192 type=retweeted]
177400353,[<ReferencedTweet id=1479278455636127744 type=retweeted]
177400353,[<ReferencedTweet id=1479261267407761408 type=retweeted]
177400353,[<ReferencedTweet id=1479270563407298560 type=retweeted]
177400353,[<ReferencedTweet id=1479263115434860545 type=retweeted]
177400353,[<ReferencedTweet id=1479266014118363138 type=retweeted]
177400353,[<ReferencedTweet id=1479259373834698754 type=retweeted]
177400353,[<ReferencedTweet id=1479260166176448514 type=retweeted]
177400353,[<ReferencedTweet id=1479259897892007938 type=retweeted]
177400353,[<ReferencedTweet id=1479259828891828224 type=retweeted]
177400353,[<ReferencedTweet id=1479260204038455296 type=retweeted]
177400353,[<ReferencedTweet id=1479259760494927874 type=retweeted]
177400353,[<ReferencedTweet id=1479259903482994689 type=retweeted]
177400353,[<ReferencedTweet id=1479259768191553536 type=retweeted]
177400353,[<ReferencedTweet id=1479259320118571009 type=retweeted]
177400353,[<ReferencedTweet id=1479259187062312960 type=retweeted]
177400353,[<ReferencedTweet id=1479258795104559108 type=retweeted]
177400353,[<ReferencedTweet id=1479259301210324999 type=retweeted]
177400353,[<ReferencedTweet id=1479258852164046850 type=retweeted]
177400353,[<ReferencedTweet id=1479259078534729728 type=retweeted]
177400353,[<ReferencedTweet id=1479258855318061059 type=retweeted]
177400353,[<ReferencedTweet id=1479258985991708673 type=retweeted]
177400353,[<ReferencedTweet id=1479258814754873344 type=retweeted]
177400353,[<ReferencedTweet id=1479258910208839743 type=retweeted]
177400353,[<ReferencedTweet id=1479242922944040961 type=retweeted]
177400353,[<ReferencedTweet id=1479258708093792258 type=retweeted]
177400353,[<ReferencedTweet id=1479099670588964864 type=retweeted]
177400353,[<ReferencedTweet id=1478924181974622208 type=retweeted]
177400353,[<ReferencedTweet id=1478769942044413956 type=retweeted]
177400353,[<ReferencedTweet id=1478885288147668992 type=retweeted]
177400353,[<ReferencedTweet id=1478683495631314944 type=retweeted]
177400353,[<ReferencedTweet id=1478580216389902338 type=retweeted]
177400353,[<ReferencedTweet id=1478610196406538241 type=retweeted]
177400353,[<ReferencedTweet id=1478311404105244675 type=retweeted]
177400353,[<ReferencedTweet id=1478206972646531073 type=retweeted]
177400353,[<ReferencedTweet id=1478195903823450112 type=retweeted]
177400353,[<ReferencedTweet id=1478207060022018048 type=retweeted]
177400353,[<ReferencedTweet id=1478196353356341248 type=retweeted]
177400353,[<ReferencedTweet id=1478196413590753280 type=retweeted]
177400353,[<ReferencedTweet id=1478195392902615040 type=retweeted]
177400353,[<ReferencedTweet id=1478196575478292480 type=retweeted]
177400353,[<ReferencedTweet id=1478035104505102337 type=retweeted]
177400353,[<ReferencedTweet id=1478021940375810048 type=retweeted]
177400353,[<ReferencedTweet id=1477760691822080012 type=retweeted]
177400353,[<ReferencedTweet id=1477629950891282432 type=retweeted]
177400353,[<ReferencedTweet id=1477481051224043521 type=retweeted]
177400353,[<ReferencedTweet id=1477286128352854016 type=retweeted]
177400353,[<ReferencedTweet id=1477222867196682243 type=retweeted]
177400353,[<ReferencedTweet id=1477280972886671360 type=retweeted]
177400353,[<ReferencedTweet id=1477299720238219265 type=retweeted]
177400353,[<ReferencedTweet id=1477135232826744834 type=retweeted]
177400353,[<ReferencedTweet id=1477266622062731265 type=retweeted]
177400353,[<ReferencedTweet id=1476944216919928836 type=retweeted]
